{
    "defaultPage": "shell",
    "types": {},
    "variables": {},
    "chains": {
        "resourceChangedHandler": {
            "variables": {
                "event": {
                    "input": "fromCaller",
                    "type": {
                        "error": {
                            "detail": "string"
                        }
                    },
                    "required": false
                }
            },
            "root": "fireNotification1",
            "description": "Displays a notification message when application has been updated and needs to be refreshed.",
            "actions": {
                "fireNotification1": {
                    "module": "vb/action/builtin/fireNotificationEventAction",
                    "parameters": {
                        "summary": "[[ $chain.variables.event.error.detail ]]",
                        "target": "leaf"
                    }
                }
            }
        }
    },
    "configuration": {
        "profile": "base_configuration"
    },
    "description": "A new VB app",
    "services": {
        "apiBagaggeDemo": {
            "path": "services/apiBagaggeDemo/openapi3.json"
        }
    },
    "eventListeners": {
        "vbResourceChanged": {
            "chains": [
                {
                    "chainId": "resourceChangedHandler",
                    "parameters": {
                        "event": "{{ $event }}"
                    }
                }
            ]
        }
    },
    "security": {
        "access": {
            "requiresAuthentication": false
        }
    },
    "applicationModelVersion": "19.4.3",
    "translations": {
        "app": {
            "path": "./resources/strings/app/nls/app-strings"
        }
    },
    "id": "webbaggagecustomernew",
    "userConfig": {
        "configuration": {
            "oauthUrl": "https://tutorialdv-oraseemeafrtech1.builder.ocp.oraclecloud.com:443/ic/builder/rt/Baggage_Demo/2.0.1/resources/user",
            "idcsInfo": {
                "hostName": "https://idcs-40e2d2239516421bb71b0bb09597c4fa.identity.oraclecloud.com:443",
                "clientId": "06def78e6ffa499f984aa7b622ff21d8",
                "oAuthRedirectEndpoint": "https://tutorialdv-oraseemeafrtech1.builder.ocp.oraclecloud.com:443/ic/builder/rt/Baggage_Demo/2.0.1/webApps/webbaggagecustomernew/",
                "allowedScopes": [
                    "https://4C331EC9608940228EEF2185C968E6AD.builder.ocp.oraclecloud.com:443urn:opc:resource:consumer::all"
                ]
            },
            "url": "https://tutorialdv-oraseemeafrtech1.builder.ocp.oraclecloud.com:443/ic/builder/rt/Baggage_Demo/2.0.1/_currentuser"
        },
        "embedding": "deny",
        "type": "vb/DefaultSecurityProvider"
    },
    "events": {
        "navigateToItem": {
            "payloadType": {
                "item": "string"
            }
        }
    },
    "requirejs": {
        "bundles": {
            "bundles/vb-app-bundle": [
                "app-flow",
                "text!app-flow.json",
                "flows/main/main-flow",
                "text!flows/main/main-flow.json",
                "text!flows/main/pages/main-get-get-last-bag-location-detail-page.html",
                "flows/main/pages/main-get-get-last-bag-location-detail-page",
                "text!flows/main/pages/main-get-get-last-bag-location-detail-page.json",
                "text!flows/main/pages/main-start-page.html",
                "flows/main/pages/main-start-page",
                "text!flows/main/pages/main-start-page.json",
                "pages/resources/strings/shell/nls/root/shell-strings",
                "pages/resources/strings/shell/nls/shell-strings",
                "text!pages/shell-page.html",
                "pages/shell-page",
                "text!pages/shell-page.json",
                "text!private/custom/versions.json",
                "css!resources/css/app",
                "resources/strings/app/nls/app-strings",
                "resources/strings/app/nls/root/app-strings",
                "text!services/apiBagaggeDemo/openapi3.json",
                "text!services/catalog.json",
                "text!settings/dependencies.json"
            ]
        }
    }
}