{"pageModelVersion":"19.1.5","description":"","routerFlow":"home","variables":{"navDataSource":{"type":"vb/ArrayDataProvider","description":"The model describing the flows in the app","defaultValue":{"idAttribute":"id","data":[{"name":"By Airport","id":"by-airport","iconClass":"oj-fwk-icon oj-fwk-icon-list oj-navigationlist-item-icon","alt":"Find all bags that have been routed through a specific airport"},{"name":"By Flight","id":"by-flight","iconClass":"oj-fwk-icon oj-fwk-icon-list oj-navigationlist-item-icon","alt":"Find all bags for a specific flight number"},{"name":"By Route","id":"by-route","iconClass":"oj-fwk-icon oj-fwk-icon-list oj-navigationlist-item-icon","alt":"Find all bags that have a specific travel route"},{"name":"By Passenger Name","id":"by-fullname","iconClass":"oj-fwk-icon oj-fwk-icon-list oj-navigationlist-item-icon","alt":"Find all bags for a specific passenger"}]}},"messagesADP":{"type":"vb/ArrayDataProvider","defaultValue":{"idAttribute":"id","itemType":"page:messageType"}}},"metadata":{},"types":{"messageType":{"id":"string","severity":"string","category":"string","summary":"string","detail":"string","timestamp":"string","autoTimeout":"number"}},"chains":{"showNotification":{"description":"Displays notifications sent by the Fire Notification action using the oj-messages component on this page.","variables":{"eventPayload":{"type":"messageType","input":"fromCaller"}},"root":"displayMessage","actions":{"displayMessage":{"module":"vb/action/builtin/fireDataProviderEventAction","parameters":{"target":"{{ $page.variables.messagesADP }}","add":{"data":"{{ [ $chain.variables.eventPayload ] }}"}}}}},"navigationHandler":{"description":"Navigates to the flow selected in the navigation tab.","variables":{"item":{"required":true,"type":"string","input":"fromCaller"},"updatedFrom":{"type":"string","input":"fromCaller"}},"root":"test","actions":{"test":{"module":"vb/action/builtin/ifAction","parameters":{"condition":"{{ $variables.updatedFrom !== 'external' }}"},"outcomes":{"true":"switch1"}},"switch1":{"module":"vb/action/builtin/switchAction","outcomes":{"by-route":"navigateToPage0","by-airport":"navigateToPage1","by-flight":"navigateToPage2","by-fullname":"navigateToPage3"},"parameters":{"caseValue":"{{ $chain.variables.item }}","possibleValues":["by-route","by-airport","by-flight","by-fullname"]}},"navigateToPage0":{"module":"vb/action/builtin/navigateToPageAction","parameters":{"page":"shell/by-route"}},"navigateToPage1":{"module":"vb/action/builtin/navigateToPageAction","parameters":{"page":"shell/by-airport"}},"navigateToPage2":{"module":"vb/action/builtin/navigateToPageAction","parameters":{"page":"shell/by-flight"}},"navigateToPage3":{"module":"vb/action/builtin/navigateToPageAction","parameters":{"page":"shell/by-fullname"}}}},"closeNotificationHandler":{"description":"Removes the notification message when its dismiss gesture has been invoked.","variables":{"eventMessage":{"type":"messageType","input":"fromCaller"}},"root":"removeMessage","actions":{"removeMessage":{"module":"vb/action/builtin/fireDataProviderEventAction","parameters":{"target":"{{ $page.variables.messagesADP }}","remove":{"keys":"{{ [ $variables.eventMessage.id ] }}"}}}}}},"eventListeners":{"application:navigateToItem":{"chains":[{"chainId":"navigationHandler","parameters":{"item":"{{ $event.item }}"}}]},"vbNotification":{"chains":[{"chainId":"showNotification","parameters":{"eventPayload":"{{ { id: $event.key, summary: $event.summary, detail: $event.message, severity: $event.type, autoTimeout: $event.displayMode === 'transient' ? 0 : -1, timestamp: oj.IntlConverterUtils.dateToLocalIso(new Date()) } }}"}}]},"onNavigation":{"chains":[{"chainId":"navigationHandler","parameters":{"item":"{{ $event.detail.value }}","updatedFrom":"{{ $event.detail.updatedFrom }}"}}]},"onMessageClose":{"chains":[{"chainId":"closeNotificationHandler","parameters":{"eventMessage":"{{ $event.detail.message }}"}}]}},"imports":{"components":{"oj-messages":{"path":"ojs/ojmessages"},"oj-menu":{"path":"ojs/ojmenu"},"oj-menu-button":{"path":"ojs/ojbutton"},"oj-option":{"path":"ojs/ojoption"},"oj-toolbar":{"path":"ojs/ojtoolbar"},"oj-navigation-list":{"path":"ojs/ojnavigationlist"},"oj-button":{"path":"ojs/ojbutton"},"oj-dialog":{"path":"ojs/ojdialog"},"oj-conveyor-belt":{"path":"ojs/ojconveyorbelt"},"oj-label":{"path":"ojs/ojlabel"}}},"translations":{"shell":{"path":"./resources/strings/shell/nls/shell-strings"}},"title":"Blue Mist Airways"}