{
    "vbcs.dt.version": "20200106-19.4.3.2:20200107-bufp_27957::20200119-bufp_27957::20200129-bufp_27957::20200205-bufp_27957::20200213-bufp_27957::20200318-bufp_27957::20200406-bufp_27957::20200407-bufp_27957::20200421-bufp_27957::20200422-bufp_27957::20200505-bufp_27957::20200506-bufp_27957::20200421-bufp_28704::20200123-bufp_36379::20200219-bufp_36068::20200329-bufp_38142",
    "defaults": {
        "visualDevelopmentPlatform": {
            "cdnPath": "https://static.oracle.com/cdn/vb/",
            "version": "19.4.3.16"
        },
        "jet": {
            "cdnPath": "https://static.oracle.com/cdn/jet/",
            "version": "8.1.3"
        }
    }
}