{"pageModelVersion":"19.4.3","title":"","description":"","variables":{"getGetPassengersAffectedByAirportListSDP":{"type":"vb/ServiceDataProvider","defaultValue":{"endpoint":"apiBagaggeDemo/getGetPassengersAffectedByAirport","idAttribute":"ticketNo","itemsPath":"","responseType":"page:getGetPassengersAffectedByAirportResponse","uriParameters":{"airport":"{{ $flow.variables.airportCodeIATA }}"}}},"oj_list_view_62923354_1SelectedId":{"type":"string","defaultValue":""}},"metadata":{},"types":{"getGetPassengersAffectedByAirportResponse":[{"contactInfo":"string","fullName":"string","numBags":"number","ticketNo":"string"}],"@decorators.getGetPassengersAffectedByAirportResponse":{"endpoint":"getGetPassengersAffectedByAirport","service":"apiBagaggeDemo","path":"response"}},"chains":{"InputTextValueChangeChain":{"description":"","variables":{"value":{"required":true,"type":"any","input":"fromCaller"}},"root":"assignVariables1","actions":{"assignVariables1":{"module":"vb/action/builtin/assignVariablesAction","parameters":{"$flow.variables.airportCodeIATA":{"source":"{{ $chain.variables.value }}"}},"outcomes":{"success":"fireDataProviderEvent1"}},"fireDataProviderEvent1":{"module":"vb/action/builtin/fireDataProviderEventAction","parameters":{"refresh":null,"target":"[[ $page.variables.getGetPassengersAffectedByAirportListSDP ]]"}}}},"navigateToGetGetBagInfoByTicketNumberDetailChain":{"root":"navigateToDetail","variables":{"getGetBagInfoByTicketNumberId":{"type":"string","input":"fromCaller","required":true}},"actions":{"navigateToDetail":{"module":"vb/action/builtin/navigateToPageAction","parameters":{"history":"push","page":"by-airport-get-get-bag-info-by-ticket-number-detail","params":{"getGetBagInfoByTicketNumberId":"[[ $chain.variables.getGetBagInfoByTicketNumberId ]]"}},"outcomes":{"success":""}}}},"oj_list_view_62923354_1ChangeSelectionChain":{"variables":{"getGetBagInfoByTicketNumberId":{"type":"string","input":"fromCaller","defaultValue":""}},"root":"assignVariable","actions":{"assignVariable":{"module":"vb/action/builtin/assignVariablesAction","parameters":{"$page.variables.oj_list_view_62923354_1SelectedId":{"source":"[[ $chain.variables.getGetBagInfoByTicketNumberId ]]"}},"outcomes":{"success":"navigateToPage1"}},"navigateToPage1":{"module":"vb/action/builtin/navigateToPageAction","parameters":{"page":"by-airport-get-get-bag-info-by-ticket-number-detail","params":{"getGetBagInfoByTicketNumberId":"{{ $chain.variables.getGetBagInfoByTicketNumberId }}"}}}}}},"eventListeners":{"ojInputTextValue":{"chains":[{"chainId":"InputTextValueChangeChain","parameters":{"value":"{{ $event.detail.value }}"}}]},"oj_list_view_62923354_1SelectionChanged":{"chains":[{"chainId":"oj_list_view_62923354_1ChangeSelectionChain","parameters":{"getGetBagInfoByTicketNumberId":"[[ $event.detail.value.key || '' ]]"}}]},"getGetBagInfoByTicketNumberDetailButtonClicked":{"chains":[{"chainId":"navigateToGetGetBagInfoByTicketNumberDetailChain","parameters":{"getGetBagInfoByTicketNumberId":"[[ $page.variables.oj_list_view_62923354_1SelectedId ]]"}}]}},"imports":{"components":{"oj-list-view":{"path":"ojs/ojlistview"},"oj-vb-list-item":{"path":"vb/components/list-item/loader"},"oj-label":{"path":"ojs/ojlabel"},"oj-avatar":{"path":"ojs/ojavatar"},"oj-toolbar":{"path":"ojs/ojtoolbar"},"oj-button":{"path":"ojs/ojbutton"},"oj-input-text":{"path":"ojs/ojinputtext"}}}}