{"appFiles":["flows/main/main-flow.js","flows/main/main-flow.json","flows/main/resources/images/menu-icon.png","flows/main/resources/images/background_header.png","flows/main/pages/main-home-page.js","flows/main/pages/main-home-page.html","flows/main/pages/main-home-page.json","flows/main/pages/main-start-page.json","flows/main/pages/main-start-page.js","flows/main/pages/main-start-page.html","resources/images/Green-circle-large.png","resources/images/CaptureProgess.PNG","resources/images/Logo.png","resources/images/CaptureMark.PNG","resources/images/progress-bar.png","resources/images/Green-circle-small.png","resources/images/favicon-light.ico","resources/images/favicon-dark.ico","resources/images/background_header.png","resources/images/PhotoAcc.PNG","resources/images/BlueLogo.png","resources/css/custom.css","resources/css/app.css","resources/icons/icon-120x120.png","resources/icons/icon-128x128.png","resources/icons/icon-144x144.png","resources/icons/icon-167x167.png","resources/icons/icon-256x256.png","resources/icons/icon-192x192.png","resources/icons/icon-180x180.png","resources/icons/icon-512x512.png","resources/icons/icon-152x152.png","resources/strings/app/nls/app-strings.js","resources/strings/app/nls/root/app-strings.js","resources/splashscreens/iphonex_splash.png","resources/splashscreens/ipadpro1_splash.png","resources/splashscreens/iphoneplus_splash.png","resources/splashscreens/iphone_splash.png","resources/splashscreens/iphonexsmax_splash.png","resources/splashscreens/ipadpro2_splash.png","resources/splashscreens/ipad_splash.png","resources/splashscreens/iphonexr_splash.png","private/custom/versions.json","services/apiBagaggeDemo/openapi3.json","services/catalog.json","app-flow.js","app-flow.json","pages/app-page.html","pages/app-page.json","pages/resources/strings/app/nls/app-strings.js","pages/resources/strings/app/nls/root/app-strings.js","pages/app-page.js"],"jetResources":{"alta":["default/css/alta/fonts/JetFW_iconfont.woff","default/css/alta/images/animated-overlay.gif","default/css/alta/images/cbsingle_hover_selected.svg","default/css/alta/images/cbsingle_hover_unselected.svg","default/css/alta/images/checkbox_dis_selected.svg","default/css/alta/images/checkbox_dis_unselected.svg","default/css/alta/images/checkbox_ena_selected.svg","default/css/alta/images/checkbox_ena_unselected.svg","default/css/alta/images/checkbox_pressed_selected.svg","default/css/alta/images/checkbox_pressed_unselected.svg","default/css/alta/images/checkbox_tristate_partial.svg","default/css/alta/images/checkbox_tristate_selected.svg","default/css/alta/images/checkbox_tristate_unselected.svg","default/css/alta/images/checkmark_blue.svg","default/css/alta/images/checkmark_white.svg","default/css/alta/images/move_handle.svg","default/css/alta/images/radio_dis_selected.svg","default/css/alta/images/radio_dis_unselected.svg","default/css/alta/images/radio_ena_selected.svg","default/css/alta/images/radio_ena_unselected.svg","default/css/alta/images/radio_pressed_selected.svg","default/css/alta/images/radio_pressed_unselected.svg","default/css/alta/images/spinner_00.svg","default/css/alta/images/spinner_10.svg","default/css/alta/images/spinner_20.svg","default/css/alta/images/spinner_30.svg","default/css/alta/images/spinner_40.svg","default/css/alta/images/spinner_50.svg","default/css/alta/images/spinner_60.svg","default/css/alta/images/spinner_70.svg","default/css/alta/images/spinner_80.svg","default/css/alta/images/spinner_90.svg","default/css/alta/images/spinner_full.gif","default/css/alta/images/spinner_static.svg","default/css/alta/images/sprites/sprite.svg","default/css/alta/images/status_confirmation.svg","default/css/alta/images/status_error.svg","default/css/alta/images/status_info.svg","default/css/alta/images/status_warning.svg","default/css/alta/images/texture.png","default/css/alta/oj-alta-min.css"],"alta-ios":["default/css/alta-ios/fonts/JetFW_iconfont.woff","default/css/alta-ios/images/animated-overlay.gif","default/css/alta-ios/images/cbsingle_dis_selected.svg","default/css/alta-ios/images/cbsingle_dis_unselected.svg","default/css/alta-ios/images/cbsingle_ena_selected.svg","default/css/alta-ios/images/cbsingle_ena_unselected.svg","default/css/alta-ios/images/cbsingle_hover_selected.svg","default/css/alta-ios/images/cbsingle_hover_unselected.svg","default/css/alta-ios/images/cbsingle_pressed_selected.svg","default/css/alta-ios/images/cbsingle_pressed_unselected.svg","default/css/alta-ios/images/checkbox_dis_selected.svg","default/css/alta-ios/images/checkbox_ena_selected.svg","default/css/alta-ios/images/checkbox_tristate_partial.svg","default/css/alta-ios/images/checkbox_tristate_selected.svg","default/css/alta-ios/images/checkbox_tristate_unselected.svg","default/css/alta-ios/images/move_handle.svg","default/css/alta-ios/images/radio_dis_selected.svg","default/css/alta-ios/images/radio_ena_selected.svg","default/css/alta-ios/images/spinner_00.svg","default/css/alta-ios/images/spinner_10.svg","default/css/alta-ios/images/spinner_20.svg","default/css/alta-ios/images/spinner_30.svg","default/css/alta-ios/images/spinner_40.svg","default/css/alta-ios/images/spinner_50.svg","default/css/alta-ios/images/spinner_60.svg","default/css/alta-ios/images/spinner_70.svg","default/css/alta-ios/images/spinner_80.svg","default/css/alta-ios/images/spinner_90.svg","default/css/alta-ios/images/spinner_full.gif","default/css/alta-ios/images/sprites/sprite.svg","default/css/alta-ios/images/texture.png","default/css/alta-ios/oj-alta-min.css"],"alta-android":["default/css/alta-android/fonts/JetFW_iconfont.woff","default/css/alta-android/images/animated-overlay.gif","default/css/alta-android/images/cbsingle_hover_selected.svg","default/css/alta-android/images/cbsingle_hover_unselected.svg","default/css/alta-android/images/checkbox_dis_selected.svg","default/css/alta-android/images/checkbox_dis_unselected.svg","default/css/alta-android/images/checkbox_ena_selected.svg","default/css/alta-android/images/checkbox_ena_unselected.svg","default/css/alta-android/images/checkbox_pressed_selected.svg","default/css/alta-android/images/checkbox_pressed_unselected.svg","default/css/alta-android/images/checkbox_tristate_partial.svg","default/css/alta-android/images/checkbox_tristate_selected.svg","default/css/alta-android/images/checkbox_tristate_unselected.svg","default/css/alta-android/images/menuitemcheckbox_dis_selected.svg","default/css/alta-android/images/menuitemcheckbox_dis_unselected.svg","default/css/alta-android/images/menuitemcheckbox_ena_selected.svg","default/css/alta-android/images/menuitemcheckbox_ena_unselected.svg","default/css/alta-android/images/move_handle.svg","default/css/alta-android/images/radio_dis_selected.svg","default/css/alta-android/images/radio_dis_unselected.svg","default/css/alta-android/images/radio_ena_selected.svg","default/css/alta-android/images/radio_ena_unselected.svg","default/css/alta-android/images/radio_pressed_selected.svg","default/css/alta-android/images/radio_pressed_unselected.svg","default/css/alta-android/images/spinner_00.svg","default/css/alta-android/images/spinner_10.svg","default/css/alta-android/images/spinner_20.svg","default/css/alta-android/images/spinner_30.svg","default/css/alta-android/images/spinner_40.svg","default/css/alta-android/images/spinner_50.svg","default/css/alta-android/images/spinner_60.svg","default/css/alta-android/images/spinner_70.svg","default/css/alta-android/images/spinner_80.svg","default/css/alta-android/images/spinner_90.svg","default/css/alta-android/images/spinner_full.gif","default/css/alta-android/images/spinner_full_default.gif","default/css/alta-android/images/sprites/sprite.svg","default/css/alta-android/images/texture.png","default/css/alta-android/oj-alta-min.css"],"common":["default/css/common/images/animated-overlay.gif","default/css/common/images/document.svg","default/css/common/images/dvt/chart/marquee-down.png","default/css/common/images/dvt/chart/marquee-hover.png","default/css/common/images/dvt/chart/marquee-up.png","default/css/common/images/dvt/chart/pan-down.png","default/css/common/images/dvt/chart/pan-hover.png","default/css/common/images/dvt/chart/pan-up.png","default/css/common/images/dvt/chart/zoom-down.png","default/css/common/images/dvt/chart/zoom-hover.png","default/css/common/images/dvt/chart/zoom-up.png","default/css/common/images/dvt/common/drag_horizontal.png","default/css/common/images/dvt/common/drag_vertical.png","default/css/common/images/dvt/common/func_minus_16_act.png","default/css/common/images/dvt/common/func_minus_16_dis.png","default/css/common/images/dvt/common/func_minus_16_ena.png","default/css/common/images/dvt/common/func_minus_16_hov.png","default/css/common/images/dvt/common/func_plus_16_act.png","default/css/common/images/dvt/common/func_plus_16_dis.png","default/css/common/images/dvt/common/func_plus_16_ena.png","default/css/common/images/dvt/common/func_plus_16_hov.png","default/css/common/images/dvt/common/zoom_in_16_act.svg","default/css/common/images/dvt/common/zoom_in_16_dis.svg","default/css/common/images/dvt/common/zoom_in_16_ena.svg","default/css/common/images/dvt/common/zoom_in_16_hov.svg","default/css/common/images/dvt/common/zoom_out_16_act.svg","default/css/common/images/dvt/common/zoom_out_16_dis.svg","default/css/common/images/dvt/common/zoom_out_16_ena.svg","default/css/common/images/dvt/common/zoom_out_16_hov.svg","default/css/common/images/dvt/legend/closed-dwn-r.png","default/css/common/images/dvt/legend/closed-dwn.png","default/css/common/images/dvt/legend/closed-ena-r.png","default/css/common/images/dvt/legend/closed-ena.png","default/css/common/images/dvt/legend/closed-ovr-r.png","default/css/common/images/dvt/legend/closed-ovr.png","default/css/common/images/dvt/legend/open-dwn-r.png","default/css/common/images/dvt/legend/open-dwn.png","default/css/common/images/dvt/legend/open-ena-r.png","default/css/common/images/dvt/legend/open-ena.png","default/css/common/images/dvt/legend/open-ovr-r.png","default/css/common/images/dvt/legend/open-ovr.png","default/css/common/images/dvt/sunburst/node_collapse.png","default/css/common/images/dvt/sunburst/node_collapse_ovr.png","default/css/common/images/dvt/sunburst/node_expand.png","default/css/common/images/dvt/sunburst/node_expand_ovr.png","default/css/common/images/dvt/timeline/control-deMagnify-dwn.png","default/css/common/images/dvt/timeline/control-deMagnify-ena.png","default/css/common/images/dvt/timeline/control-deMagnify-ovr.png","default/css/common/images/dvt/timeline/control-magnify-dwn.png","default/css/common/images/dvt/timeline/control-magnify-ena.png","default/css/common/images/dvt/timeline/control-magnify-ovr.png","default/css/common/images/dvt/timeline/drag_horizontal.png","default/css/common/images/dvt/timeline/drag_vertical.png","default/css/common/images/dvt/treemap/s_max_dis.png","default/css/common/images/dvt/treemap/s_max_dis_rtl.png","default/css/common/images/dvt/treemap/s_max_dwn.png","default/css/common/images/dvt/treemap/s_max_dwn_rtl.png","default/css/common/images/dvt/treemap/s_max_ena.png","default/css/common/images/dvt/treemap/s_max_ena_rtl.png","default/css/common/images/dvt/treemap/s_max_ovr.png","default/css/common/images/dvt/treemap/s_max_ovr_rtl.png","default/css/common/images/dvt/treemap/s_restore_dis.png","default/css/common/images/dvt/treemap/s_restore_dis_rtl.png","default/css/common/images/dvt/treemap/s_restore_dwn.png","default/css/common/images/dvt/treemap/s_restore_dwn_rtl.png","default/css/common/images/dvt/treemap/s_restore_ena.png","default/css/common/images/dvt/treemap/s_restore_ena_rtl.png","default/css/common/images/dvt/treemap/s_restore_ovr.png","default/css/common/images/dvt/treemap/s_restore_ovr_rtl.png","default/css/common/images/folder_collapsed.svg","default/css/common/images/folder_open.svg","default/css/common/images/group_avatar.svg","default/css/common/images/node_anim.gif","default/css/common/images/node_anim@4x.gif","default/css/common/images/none.svg","default/css/common/images/person_avatar.svg","default/css/common/images/spectrum-opacity-slider-bg.png","default/css/common/images/spinner_full.gif","default/css/common/images/sprites/sprite.svg","default/css/common/images/status_confirmation.svg","default/css/common/images/status_confirmation2.svg","default/css/common/images/status_error.svg","default/css/common/images/status_error2.svg","default/css/common/images/status_info.svg","default/css/common/images/status_info2.svg","default/css/common/images/status_warning.svg","default/css/common/images/status_warning2.svg"]},"files":[],"jetModules":["ojs/ojinputtext","ojs/ojbutton","ojs/ojavatar","ojs/ojlabel","ojs/ojformlayout","ojs/ojmenu","ojs/ojoption","ojs/ojdatetimepicker","ojs/ojmessages","ojs/ojpopup"]}