{"pageModelVersion":"19.4.3","title":"LastBagLocation Detail","description":"Displays getGetLastBagLocation record","variables":{"getGetLastBagLocation":{"type":"page:getGetLastBagLocationResponse"},"getGetLastBagLocationId":{"type":"string","required":true,"input":"fromUrl"}},"metadata":{},"types":{"getGetLastBagLocationResponse":{"actions":[{"actionInfo":"string","actionTime":"string","airportCity":"string","airportCode":"string","airportName":"string","airportState":"string"}],"bagID":"string","fullName":"string","gender":"string","lastActionCode":"string","lastActionDesc":"string","lastSeenLocation":{"airportCode":"string","airportLocation":"string","airportName":"string","flightNumber":"string"},"lastSeenTimeGmt":"string","routing":[{"arrivalAirportCity":"string","arrivalAirportCode":"string","arrivalAirportName":"string","arrivalAirportState":"string","departureAirportCity":"string","departureAirportCode":"string","departureAirportName":"string","departureAirportState":"string","flightNumber":"string","airportCode":"string","airportLocation":"string","airportName":"string"}],"tagNum":"string","ticketNo":"string"},"@decorators.getGetLastBagLocationResponse":{"endpoint":"getGetLastBagLocation","service":"apiBagaggeDemo","path":"response"}},"chains":{"goBackChain":{"root":"navigateBack","actions":{"navigateBack":{"module":"vb/action/builtin/navigateBackAction","outcomes":{"success":""}}}},"loadGetGetLastBagLocationChain":{"root":"loadGetGetLastBagLocation","actions":{"loadGetGetLastBagLocation":{"module":"vb/action/builtin/restAction","parameters":{"endpoint":"apiBagaggeDemo/getGetLastBagLocation","uriParams":{"tagNum":"[[ $page.variables.getGetLastBagLocationId ]]"},"responseType":"page:getGetLastBagLocationResponse"},"outcomes":{"success":"assignPayload","failure":"fireErrorNotification"}},"assignPayload":{"module":"vb/action/builtin/assignVariablesAction","parameters":{"$page.variables.getGetLastBagLocation":{"source":"[[ $chain.results.loadGetGetLastBagLocation.body || $chain.results.loadGetGetLastBagLocation.content ]]"}},"outcomes":{}},"fireErrorNotification":{"module":"vb/action/builtin/fireNotificationEventAction","parameters":{"summary":"Could not load data","message":"[[ 'Could not load data: status ' + $chain.results.loadGetGetLastBagLocation.payload.status ]]","type":"error","displayMode":"persist"},"outcomes":{}}}}},"eventListeners":{"backButtonClicked":{"chains":[{"chainId":"goBackChain"}]},"vbEnter":{"chains":[{"chainId":"loadGetGetLastBagLocationChain"}]}},"imports":{"components":{"oj-form-layout":{"path":"ojs/ojformlayout"},"oj-input-text":{"path":"ojs/ojinputtext"},"oj-toolbar":{"path":"ojs/ojtoolbar"},"oj-button":{"path":"ojs/ojbutton"},"oj-table":{"path":"ojs/ojtable"},"oj-label":{"path":"ojs/ojlabel"}}}}