{"pageModelVersion":"19.4.3","title":"","description":"","variables":{"varfullName":{"type":"string","defaultValue":"Harry Hardy"},"getGetByFullNameListSDP":{"type":"vb/ServiceDataProvider","defaultValue":{"endpoint":"apiBagaggeDemo/getGetByFullName","idAttribute":"tagNum","itemsPath":"","responseType":"page:getGetByFullNameResponse","uriParameters":{"fullName":"{{ $variables.varfullName }}"}}},"oj_list_view_366481720_1SelectedId":{"type":"string","defaultValue":""}},"metadata":{},"types":{"getGetByFullNameResponse":[{"bagID":"string","fullName":"string","gender":"string","lastActionCode":"string","lastActionDesc":"string","lastSeenLocation":{"airportCode":"string","airportLocation":"string","airportName":"string","flightNumber":"string"},"lastSeenTimeGmt":"string","routing":"object[]","tagNum":"string","ticketNo":"string"}],"@decorators.getGetByFullNameResponse":{"endpoint":"getGetByFullName","service":"apiBagaggeDemo","path":"response"}},"chains":{"InputTextValueChangeChain":{"description":"","variables":{"value":{"required":true,"type":"any","input":"fromCaller"}},"root":"assignVariables1","actions":{"assignVariables1":{"module":"vb/action/builtin/assignVariablesAction","parameters":{"$page.variables.varfullName":{"source":"{{ $chain.variables.value }}"}},"outcomes":{"success":"fireDataProviderEvent1"}},"fireDataProviderEvent1":{"module":"vb/action/builtin/fireDataProviderEventAction","parameters":{"refresh":null,"target":"[[ $page.variables.getGetByFullNameListSDP ]]"}}}},"navigateToGetGetLastBagLocationDetailChain":{"root":"navigateToDetail","variables":{"getGetLastBagLocationId":{"type":"string","input":"fromCaller","required":true}},"actions":{"navigateToDetail":{"module":"vb/action/builtin/navigateToPageAction","parameters":{"history":"push","page":"main-get-get-last-bag-location-detail","params":{"getGetLastBagLocationId":"[[ $chain.variables.getGetLastBagLocationId ]]"}},"outcomes":{"success":""}}}},"oj_list_view_366481720_1ChangeSelectionChain":{"variables":{"getGetLastBagLocationId":{"type":"string","input":"fromCaller","defaultValue":""}},"root":"assignVariable","actions":{"assignVariable":{"module":"vb/action/builtin/assignVariablesAction","parameters":{"$page.variables.oj_list_view_366481720_1SelectedId":{"source":"[[ $chain.variables.getGetLastBagLocationId ]]"}},"outcomes":{"success":"navigateToPage1"}},"navigateToPage1":{"module":"vb/action/builtin/navigateToPageAction","parameters":{"page":"main-get-get-last-bag-location-detail","params":{"getGetLastBagLocationId":"{{ $chain.variables.getGetLastBagLocationId }}"}}}}}},"eventListeners":{"ojInputTextValue":{"chains":[{"chainId":"InputTextValueChangeChain","parameters":{"value":"{{ $event.detail.value }}"}}]},"oj_list_view_366481720_1SelectionChanged":{"chains":[{"chainId":"oj_list_view_366481720_1ChangeSelectionChain","parameters":{"getGetLastBagLocationId":"[[ $event.detail.value.key || '' ]]"}}]},"getGetLastBagLocationDetailButtonClicked":{"chains":[{"chainId":"navigateToGetGetLastBagLocationDetailChain","parameters":{"getGetLastBagLocationId":"[[ $page.variables.oj_list_view_366481720_1SelectedId ]]"}}]}},"imports":{"components":{"oj-list-view":{"path":"ojs/ojlistview"},"oj-vb-list-item":{"path":"vb/components/list-item/loader"},"oj-avatar":{"path":"ojs/ojavatar"},"oj-toolbar":{"path":"ojs/ojtoolbar"},"oj-input-text":{"path":"ojs/ojinputtext"},"oj-menu-button":{"path":"ojs/ojbutton"},"oj-menu":{"path":"ojs/ojmenu"},"oj-option":{"path":"ojs/ojoption"},"oj-accordion":{"path":"ojs/ojaccordion"},"oj-collapsible":{"path":"ojs/ojcollapsible"},"oj-button":{"path":"ojs/ojbutton"}}}}