{"pageModelVersion":"19.3.1","title":"","description":"","variables":{"getGetByFullNameListSDP":{"type":"vb/ServiceDataProvider","defaultValue":{"endpoint":"apiBagaggeDemo/getGetByFullName","idAttribute":"tagNum","itemsPath":"","responseType":"page:getGetByFullNameResponse","uriParameters":{"fullName":"Harry Hardy"}}}},"metadata":{},"types":{"getGetByFullNameResponse":[{"bagID":"string","fullName":"string","gender":"string","lastActionCode":"string","lastActionDesc":"string","lastSeenLocation":"object","lastSeenTimeGmt":"string","routing":"object[]","tagNum":"string","ticketNo":"string"}],"@decorators.getGetByFullNameResponse":{"endpoint":"getGetByFullName","service":"apiBagaggeDemo","path":"response"}},"chains":{"navigateToGetGetLastBagLocationDetailChain":{"root":"navigateToDetail","variables":{"getGetLastBagLocationId":{"type":"string","input":"fromCaller","required":true}},"actions":{"navigateToDetail":{"module":"vb/action/builtin/navigateToPageAction","parameters":{"history":"push","page":"fullname-get-get-last-bag-location-detail","params":{"getGetLastBagLocationId":"[[ $chain.variables.getGetLastBagLocationId ]]"}},"outcomes":{"success":""}}}}},"eventListeners":{"page_list_viewSelectionChanged":{"chains":[{"chainId":"navigateToGetGetLastBagLocationDetailChain","parameters":{"getGetLastBagLocationId":"[[ $event.detail.value.key || '' ]]"}}]}},"imports":{"components":{"oj-ext-mobile-page-template":{"path":"vb/components/mobile-page-template/loader"},"oj-list-view":{"path":"ojs/ojlistview"},"oj-vb-list-item":{"path":"vb/components/list-item/loader"},"oj-avatar":{"path":"ojs/ojavatar"},"oj-button":{"path":"ojs/ojbutton"}}}}