{"pageModelVersion":"19.4.3","title":"","description":"","variables":{"TrackButtonEnabled":{"type":"boolean","defaultValue":true}},"metadata":{},"types":{},"chains":{"ButtonActionChain":{"description":"","variables":{"detail":{"required":true,"type":"any","input":"fromCaller"}},"root":"navigateToPage1","actions":{"navigateToPage1":{"module":"vb/action/builtin/navigateToPageAction","parameters":{"page":"main-start"}}}},"loadRandomConfCode":{"root":"callRestEndpoint1","description":"","actions":{"callRestEndpoint1":{"module":"vb/action/builtin/restAction","parameters":{"endpoint":"apiBagaggeDemo/getGetRandomConfCodes"},"outcomes":{"failure":"fireNotification1","success":"assignVariables1"}},"fireNotification1":{"module":"vb/action/builtin/fireNotificationEventAction","parameters":{"target":"leaf","summary":"[[ $chain.results.callRestEndpoint1.message.summary ]]","type":"error","displayMode":"persist"}},"assignVariables1":{"module":"vb/action/builtin/assignVariablesAction","parameters":{"$flow.variables.confCode":{"source":"{{ $chain.results.callRestEndpoint1.body[Math.floor(Math.random() * Math.floor($chain.results.callRestEndpoint1.body.length))].confCode }}"}},"outcomes":{"success":"assignVariables2"}},"assignVariables2":{"module":"vb/action/builtin/assignVariablesAction","parameters":{"$page.variables.TrackButtonEnabled":{"source":false}}}}}},"eventListeners":{"ojButtonOjAction":{"chains":[{"chainId":"ButtonActionChain","parameters":{"detail":"{{ $event.detail }}"}}]},"vbEnter":{"chains":[{"chainId":"loadRandomConfCode","parameters":{}}]},"ojButtonOjAction2":{"chains":[{"chainId":"loadRandomConfCode"}]}},"imports":{"components":{"oj-ext-mobile-page-template":{"path":"vb/components/mobile-page-template/loader"},"oj-input-text":{"path":"ojs/ojinputtext"},"oj-button":{"path":"ojs/ojbutton"}}}}