{"pageModelVersion":"19.4.3","title":"","description":"","variables":{"search":{"type":"criteria","defaultValue":{"attribute":"confCode","op":"$co","value":"Loading ...."}},"information":{"type":"getGetByConfirmationCode"},"tripInfo":{"type":"getGetMyTripInfo"},"arrayTripInfo":{"type":"arrayGetMyTripInfo"}},"metadata":{},"types":{"criteria":{"attribute":"string","op":"string","value":"string"},"@decorators.getGetByConfirmationCode":{"endpoint":"getGetByConfirmationCode","service":"apiBagaggeDemo","path":"response"},"getGetByConfirmationCode":{"actions":[{"actionInfo":"string","actionTime":"string","airportCity":"string","airportCode":"string","airportName":"string","airportState":"string"}],"bagID":"string","fullName":"string","gender":"string","lastActionCode":"string","lastActionDesc":"string","lastSeenLocation":{"airportCode":"string","airportLocation":"string","airportName":"string","flightNumber":"string"},"lastSeenTimeGmt":"string","routing":[{"arrivalAirportCity":"string","arrivalAirportCode":"string","arrivalAirportName":"string","arrivalAirportState":"string","departureAirportCity":"string","departureAirportCode":"string","departureAirportName":"string","departureAirportState":"string","flightNumber":"string","airportCode":"string","airportLocation":"string","airportName":"string"}],"tagNum":"string","ticketNo":"string"},"@decorators.getGetMyTripInfo":{"endpoint":"getGetMyTripInfo","service":"apiBagaggeDemo","path":"response"},"getGetMyTripInfo":{"arrivalAirportCity":"string","arrivalAirportCode":"string","arrivalAirportName":"string","arrivalAirportRegion":"string","bagArrivalArea":"string","departureAirportCity":"string","departureAirportCode":"string","departureAirportName":"string","departureAirportRegion":"string","estimatedArrivalTime":"string","flightDepartureTime":"string","flightNumber":"string","arrivalAirportLocation":"string","departureAirportLocation":"string"},"arrayGetMyTripInfo":"getGetMyTripInfo[]"},"chains":{"LoadDetail":{"description":"","variables":{"detail":{"required":true,"type":"any","input":"fromCaller"}},"root":"runInParallel1","actions":{"callRestEndpoint1":{"module":"vb/action/builtin/restAction","parameters":{"endpoint":"apiBagaggeDemo/getGetByConfirmationCode","uriParams":{"confNo":"{{ $flow.variables.confCode }}"}},"outcomes":{"failure":"fireNotification1","success":"assignVariables1"}},"fireNotification1":{"module":"vb/action/builtin/fireNotificationEventAction","parameters":{"target":"leaf","summary":"[[ $chain.results.callRestEndpoint1.message.summary ]]","type":"error","displayMode":"persist"}},"assignVariables1":{"module":"vb/action/builtin/assignVariablesAction","parameters":{"$page.variables.information":{"source":"{{ $chain.results.callRestEndpoint1.body || $chain.results.callRestEndpoint1.content }}","auto":"always"}}},"runInParallel1":{"module":"vb/action/builtin/forkAction","parameters":{"actions":{"callRestEndpoint1":"callRestEndpoint1","callRestEndpoint3":"callRestEndpoint3","callRestEndpoint4":"resetVariables1"}}},"callRestEndpoint3":{"module":"vb/action/builtin/restAction","parameters":{"endpoint":"apiBagaggeDemo/getGetMyTripInfo","uriParams":{"confNo":"{{ $flow.variables.confCode }}"}},"outcomes":{"failure":"fireNotification3","success":"assignVariables3"}},"fireNotification3":{"module":"vb/action/builtin/fireNotificationEventAction","parameters":{"target":"leaf","summary":"[[ $chain.results.callRestEndpoint3.message.summary ]]","type":"error","displayMode":"persist"}},"assignVariables3":{"module":"vb/action/builtin/assignVariablesAction","parameters":{"$page.variables.tripInfo":{"source":"{{ $chain.results.callRestEndpoint3.body[$chain.results.callRestEndpoint3.body.length - 1] }}","auto":"always"}}},"callRestEndpoint4":{"module":"vb/action/builtin/restAction","parameters":{"endpoint":"apiBagaggeDemo/getGetMyTripInfo","uriParams":{"confNo":"{{ $flow.variables.confCode }}"}},"outcomes":{"failure":"fireNotification4","success":"forEach1"}},"fireNotification4":{"module":"vb/action/builtin/fireNotificationEventAction","parameters":{"target":"leaf","summary":"[[ $chain.results.callRestEndpoint4.message.summary ]]","type":"error","displayMode":"persist"}},"forEach1":{"module":"vb/action/builtin/forEachAction","parameters":{"items":"{{ $chain.results.callRestEndpoint4.body }}","actionId":"assignVariables4"}},"assignVariables4":{"module":"vb/action/builtin/assignVariablesAction","parameters":{"$page.variables.arrayTripInfo":{"source":["{{ $current.data }}"],"reset":"none","auto":"always"}}},"resetVariables1":{"module":"vb/action/builtin/resetVariablesAction","parameters":{"variables":["$page.variables.arrayTripInfo"]},"outcomes":{"success":"callRestEndpoint4"}}}},"MenuActionChain":{"description":"","variables":{"menuId":{"required":true,"type":"any","input":"fromCaller"}},"root":"switch1","actions":{"switch1":{"module":"vb/action/builtin/switchAction","parameters":{"caseValue":"[[ $chain.variables.menuId ]]","possibleValues":["Home","Track"]},"outcomes":{"Home":"navigateBack1","Track":"callRestEndpoint1"}},"navigateBack1":{"module":"vb/action/builtin/navigateBackAction"},"callActionChain1":{"module":"vb/action/builtin/callChainAction","parameters":{"id":"LoadDetail"}},"fireNotification1":{"module":"vb/action/builtin/fireNotificationEventAction","parameters":{"target":"leaf","summary":"[[ $chain.results.callRestEndpoint1.message.summary ]]","type":"error","displayMode":"persist"}},"callRestEndpoint1":{"module":"vb/action/builtin/restAction","parameters":{"endpoint":"apiBagaggeDemo/getGetRandomConfCodes"},"outcomes":{"failure":"callActionChain1","success":"assignVariables1"}},"fireNotification2":{"module":"vb/action/builtin/fireNotificationEventAction","parameters":{"target":"leaf","summary":"[[ $chain.results.callRestEndpoint1.message.summary ]]","type":"error","displayMode":"persist"}},"assignVariables1":{"module":"vb/action/builtin/assignVariablesAction","parameters":{"$flow.variables.confCode":{"source":"{{ $chain.results.callRestEndpoint1.body[Math.floor(Math.random() * Math.floor($chain.results.callRestEndpoint1.body.length))].confCode }}"}},"outcomes":{"success":"callActionChain1"}}}}},"eventListeners":{"vbEnter":{"chains":[{"chainId":"LoadDetail","parameters":{}}]},"ojMenuOjAction":{"chains":[{"chainId":"MenuActionChain","parameters":{"menuId":"{{$event.target.value}}"}}]}},"imports":{"components":{"oj-ext-mobile-page-template":{"path":"vb/components/mobile-page-template/loader"},"oj-input-text":{"path":"ojs/ojinputtext"},"oj-avatar":{"path":"ojs/ojavatar"},"oj-label":{"path":"ojs/ojlabel"},"oj-button":{"path":"ojs/ojbutton"},"oj-form-layout":{"path":"ojs/ojformlayout"},"oj-menu-button":{"path":"ojs/ojbutton"},"oj-menu":{"path":"ojs/ojmenu"},"oj-option":{"path":"ojs/ojoption"},"oj-input-time":{"path":"ojs/ojdatetimepicker"},"oj-input-date-time":{"path":"ojs/ojdatetimepicker"}}}}