{"pageModelVersion":"19.3.1","title":"","description":"","variables":{"getGetPassengersAffectedByFlightListSDP":{"type":"vb/ServiceDataProvider","defaultValue":{"endpoint":"apiBagaggeDemo/getGetPassengersAffectedByFlight","idAttribute":"ticketNo","itemsPath":"","responseType":"page:getGetPassengersAffectedByFlightResponse","uriParameters":{"flightNo":"BM706"}}}},"metadata":{},"types":{"getGetPassengersAffectedByFlightResponse":[{"contactInfo":"string","fullName":"string","numBags":"number","ticketNo":"string"}],"@decorators.getGetPassengersAffectedByFlightResponse":{"endpoint":"getGetPassengersAffectedByFlight","service":"apiBagaggeDemo","path":"response"}},"chains":{},"eventListeners":{"page_list_viewSelectionChanged":{"chains":[{"chainId":"navigateToGetGetLastBagLocationDetailChain","parameters":{"getGetLastBagLocationId":"[[ $event.detail.value[0] || '' ]]"}}]}},"imports":{"components":{"oj-ext-mobile-page-template":{"path":"vb/components/mobile-page-template/loader"},"oj-list-view":{"path":"ojs/ojlistview"},"oj-vb-list-item":{"path":"vb/components/list-item/loader"},"oj-button":{"path":"ojs/ojbutton"},"oj-avatar":{"path":"ojs/ojavatar"}}}}