{
    "profiles": [
        {
            "displayName": "Base configuration",
            "id": "base_configuration",
            "description": "Default development profile in VBCS",
            "mobileBuildConfiguration": {
                "music": {
                    "android": "undefined",
                    "ios": "undefined"
                },
                "countries": {
                    "android": "undefined",
                    "ios": "undefined"
                },
                "baggagedemo": {
                    "android": "undefined",
                    "ios": "undefined"
                },
                "demo": {
                    "android": "undefined",
                    "ios": "undefined"
                }
            }
        }
    ],
    "defaults": {
        "dev": "base_configuration",
        "stage": "base_configuration",
        "publish": "base_configuration"
    }
}