{"backends":{"vbprocess":{"serviceType":"vbprocess","servers":[{"url":"vb-catalog://backends/tenant-vbprocess","description":"Player Target Server","x-vb":{"headers":{"pcs_mode":"dev"},"authentication":{"authenticated":{"type":"cloud"}}}},{"url":"vb-catalog://backends/tenant-vbprocess","description":"Default Target Server","x-vb":{"authentication":{"authenticated":{"type":"cloud"}}}}]},"ics":{"serviceType":"ics","servers":[{"url":"https://tutorialdv-oraseemeafrtech1.builder.ocp.oraclecloud.com:443","x-vb":{"authentication":{"authenticated":{"type":"cloud"}}}}]}}}