{"pageModelVersion":"19.3.1","title":"","description":"","variables":{"getGetPassengersForBagRouteListSDP":{"type":"vb/ServiceDataProvider","defaultValue":{"endpoint":"apiBagaggeDemo/getGetPassengersForBagRoute","idAttribute":"ticketNo","itemsPath":"","responseType":"page:getGetPassengersForBagRouteResponse","uriParameters":{"routing":"SFO/ORD/FRA"}}}},"metadata":{},"types":{"getGetPassengersForBagRouteResponse":[{"contactInfo":"string","fullName":"string","numBags":"number","ticketNo":"string"}],"@decorators.getGetPassengersForBagRouteResponse":{"endpoint":"getGetPassengersForBagRoute","service":"apiBagaggeDemo","path":"response"}},"chains":{},"eventListeners":{},"imports":{"components":{"oj-ext-mobile-page-template":{"path":"vb/components/mobile-page-template/loader"},"oj-list-view":{"path":"ojs/ojlistview"},"oj-vb-list-item":{"path":"vb/components/list-item/loader"},"oj-menu-button":{"path":"ojs/ojbutton"},"oj-avatar":{"path":"ojs/ojavatar"},"oj-button":{"path":"ojs/ojbutton"}}}}