{"pageModelVersion":"19.4.3","title":"getGetBagInfoByTicketNumber Detail","description":"Displays getGetBagInfoByTicketNumber record","variables":{"getGetBagInfoByTicketNumber":{"type":"page:getGetBagInfoByTicketNumberResponse"},"getGetBagInfoByTicketNumberId":{"type":"string","required":true,"input":"fromUrl"}},"metadata":{},"types":{"getGetBagInfoByTicketNumberResponse":{"actions":[{"actionInfo":"string","actionTime":"string","airportCity":"string","airportCode":"string","airportName":"string","airportState":"string"}],"bagID":"string","fullName":"string","gender":"string","lastActionCode":"string","lastActionDesc":"string","lastSeenLocation":{"airportCode":"string","airportLocation":"string","airportName":"string","flightNumber":"string"},"lastSeenTimeGmt":"string","routing":"object[]","tagNum":"string","ticketNo":"string"},"@decorators.getGetBagInfoByTicketNumberResponse":{"endpoint":"getGetBagInfoByTicketNumber","service":"apiBagaggeDemo","path":"response"}},"chains":{"goBackChain":{"root":"navigateBack","actions":{"navigateBack":{"module":"vb/action/builtin/navigateBackAction","outcomes":{"success":""}}}},"loadGetGetBagInfoByTicketNumberChain":{"root":"loadGetGetBagInfoByTicketNumber","actions":{"loadGetGetBagInfoByTicketNumber":{"module":"vb/action/builtin/restAction","parameters":{"endpoint":"apiBagaggeDemo/getGetBagInfoByTicketNumber","uriParams":{"ticketNo":"[[ $page.variables.getGetBagInfoByTicketNumberId ]]"},"responseType":"page:getGetBagInfoByTicketNumberResponse"},"outcomes":{"success":"assignPayload","failure":"fireErrorNotification"}},"assignPayload":{"module":"vb/action/builtin/assignVariablesAction","parameters":{"$page.variables.getGetBagInfoByTicketNumber":{"source":"[[ $chain.results.loadGetGetBagInfoByTicketNumber.body || $chain.results.loadGetGetBagInfoByTicketNumber.content ]]"}},"outcomes":{}},"fireErrorNotification":{"module":"vb/action/builtin/fireNotificationEventAction","parameters":{"summary":"Could not load data","message":"[[ 'Could not load data: status ' + $chain.results.loadGetGetBagInfoByTicketNumber.payload.status ]]","type":"error","displayMode":"persist"},"outcomes":{}}}}},"eventListeners":{"backButtonClicked":{"chains":[{"chainId":"goBackChain"}]},"vbEnter":{"chains":[{"chainId":"loadGetGetBagInfoByTicketNumberChain"}]}},"imports":{"components":{"oj-ext-mobile-page-template":{"path":"vb/components/mobile-page-template/loader"},"oj-form-layout":{"path":"ojs/ojformlayout"},"oj-input-text":{"path":"ojs/ojinputtext"},"oj-button":{"path":"ojs/ojbutton"},"oj-menu-button":{"path":"ojs/ojbutton"},"oj-menu":{"path":"ojs/ojmenu"},"oj-option":{"path":"ojs/ojoption"}}}}