{"pageModelVersion":"19.3.1","title":"","description":"","variables":{"getGetPassengersAffectedByAirportListSDP":{"type":"vb/ServiceDataProvider","defaultValue":{"endpoint":"apiBagaggeDemo/getGetPassengersAffectedByAirport","idAttribute":"ticketNo","itemsPath":"","responseType":"page:getGetPassengersAffectedByAirportResponse","uriParameters":{"airport":"ORD"}}}},"metadata":{},"types":{"getGetPassengersAffectedByAirportAirportCodeORDResponse":[{"bagTagNo":"string","fullName":"string","lastActionDesc":"string"}],"@decorators.getGetPassengersAffectedByAirportAirportCodeORDResponse":{"endpoint":"getGetPassengersAffectedByAirportAirportCodeORD","service":"baggageHandlingDemo","path":"response"},"getGetPassengersAffectedByAirportAirportCodeORDResponse2":[{"bagRouting":"string","bagTagNo":"string","fullName":"string","lastActionCode":"string"}],"@decorators.getGetPassengersAffectedByAirportAirportCodeORDResponse2":{"endpoint":"getGetPassengersAffectedByAirportAirportCodeORD","service":"baggageHandlingDemo","path":"response"},"getGetPassengersAffectedByAirportAirportCodeORDResponse3":[{"bagID":"string","fullName":"string","lastActionDesc":"string","ticketNo":"string"}],"@decorators.getGetPassengersAffectedByAirportAirportCodeORDResponse3":{"endpoint":"getGetPassengersAffectedByAirportAirportCodeORD","service":"baggageHandlingDemo","path":"response"},"getGetPassengersAffectedByAirportResponse":[{"contactInfo":"string","fullName":"string","numBags":"number","ticketNo":"string"}],"@decorators.getGetPassengersAffectedByAirportResponse":{"endpoint":"getGetPassengersAffectedByAirport","service":"apiBagaggeDemo","path":"response"}},"chains":{"navigateToGetGetBagInfoByTicketNumberDetailChain":{"root":"navigateToDetail","variables":{"getGetBagInfoByTicketNumberId":{"type":"string","input":"fromCaller","required":true}},"actions":{"navigateToDetail":{"module":"vb/action/builtin/navigateToPageAction","parameters":{"history":"push","page":"airport-get-get-bag-info-by-ticket-number-detail","params":{"getGetBagInfoByTicketNumberId":"[[ $chain.variables.getGetBagInfoByTicketNumberId ]]"}},"outcomes":{"success":""}}}}},"eventListeners":{"page_list_viewSelectionChanged":{"chains":[{"chainId":"navigateToGetGetBagInfoByTicketNumberDetailChain","parameters":{"getGetBagInfoByTicketNumberId":"[[ $event.detail.value.key || '' ]]"}}]}},"imports":{"components":{"oj-ext-mobile-page-template":{"path":"vb/components/mobile-page-template/loader"},"oj-list-view":{"path":"ojs/ojlistview"},"oj-vb-list-item":{"path":"vb/components/list-item/loader"},"oj-avatar":{"path":"ojs/ojavatar"},"oj-button":{"path":"ojs/ojbutton"}}}}