{
    "bagID": "79039899146864",
    "tagNum": "79039899150692",
    "fullName": "Daniela Shake",
    "ticketNo": "1762353661809",
    "gender": "F",
    "routing": [
        {
            "airportCode": "ORD",
            "airportName": "Ohare International Airport",
            "airportLocation": "Chicago, Illinois"
        },
        {
            "airportCode": "SFO",
            "airportName": "San Francisco International Airport",
            "airportLocation": "San Francisco, California"
        }
    ],
    "lastActionCode": "OFFLOAD",
    "lastActionDesc": "Offloaded at D19W",
    "lastSeenLocation": {
        "airportCode": "SFO",
        "airportName": "San Francisco InternationL",
        "airportLocation": "San Francisco, California"
    },
    "lastSeenTimeGmt": "2019-03-01T:10:00"
}