{
    "defaultPage": "app",
    "types": {},
    "variables": {},
    "chains": {
        "hideSpinner": {
            "root": "hideSpinner",
            "description": "Hides the application loading screen shown immediately after the splash screen is dismissed.",
            "actions": {
                "hideSpinner": {
                    "module": "vb/action/builtin/callModuleFunctionAction",
                    "parameters": {
                        "functionName": "hideSpinner",
                        "module": "{{ $functions }}"
                    }
                }
            }
        }
    },
    "configuration": {
        "profile": "base_configuration"
    },
    "description": "A new VB app",
    "services": {
        "apiBagaggeDemo": {
            "path": "services/apiBagaggeDemo/openapi3.json"
        },
        "baggageHandlingDemo": {
            "path": "services/baggageHandlingDemo/openapi3.json"
        }
    },
    "eventListeners": {
        "vbEnter": {
            "chains": [
                {
                    "chainId": "hideSpinner"
                }
            ]
        }
    },
    "security": {
        "access": {
            "requiresAuthentication": false
        }
    },
    "applicationModelVersion": "19.3.1",
    "translations": {
        "app": {
            "path": "./resources/strings/app/nls/app-strings"
        }
    },
    "id": "baggagedemo",
    "userConfig": {
        "configuration": {
            "oauthUrl": "https://tutorialdv-oraseemeafrtech1.builder.ocp.oraclecloud.com:443/ic/builder/rt/Baggage_Demo/2.0.1/resources/user",
            "idcsInfo": {
                "hostName": "https://idcs-40e2d2239516421bb71b0bb09597c4fa.identity.oraclecloud.com:443",
                "clientId": "06def78e6ffa499f984aa7b622ff21d8",
                "oAuthRedirectEndpoint": "https://tutorialdv-oraseemeafrtech1.builder.ocp.oraclecloud.com:443/ic/builder/rt/Baggage_Demo/2.0.1/mobileApps/baggagedemoairport/",
                "allowedScopes": [
                    "https://4C331EC9608940228EEF2185C968E6AD.builder.ocp.oraclecloud.com:443urn:opc:resource:consumer::all"
                ]
            },
            "url": "https://tutorialdv-oraseemeafrtech1.builder.ocp.oraclecloud.com:443/ic/builder/rt/Baggage_Demo/2.0.1/_currentuser",
            "authentication": {
                "options": {
                    "headers": {},
                    "logout": "",
                    "login": ""
                },
                "type": "oraclecloud"
            }
        },
        "type": "vb/DefaultSecurityProvider"
    },
    "events": {
        "navigateToItem": {
            "payloadType": {
                "item": "string"
            }
        }
    },
    "requirejs": {
        "bundles": {
            "bundles/vb-app-bundle": [
                "app-flow",
                "text!app-flow.json",
                "text!appShellCache.json",
                "flows/airport/airport-flow",
                "text!flows/airport/airport-flow.json",
                "text!flows/airport/pages/airport-get-get-bag-info-by-ticket-number-detail-page.html",
                "flows/airport/pages/airport-get-get-bag-info-by-ticket-number-detail-page",
                "text!flows/airport/pages/airport-get-get-bag-info-by-ticket-number-detail-page.json",
                "text!flows/airport/pages/passengersaffectedbyairport-start-page.html",
                "flows/airport/pages/passengersaffectedbyairport-start-page",
                "text!flows/airport/pages/passengersaffectedbyairport-start-page.json",
                "flows/bagroute/bagroute-flow",
                "text!flows/bagroute/bagroute-flow.json",
                "text!flows/bagroute/pages/passengersforbagroute-start-page.html",
                "flows/bagroute/pages/passengersforbagroute-start-page",
                "text!flows/bagroute/pages/passengersforbagroute-start-page.json",
                "flows/flight/flight-flow",
                "text!flows/flight/flight-flow.json",
                "text!flows/flight/pages/passengersaffectedbyflight-start-page.html",
                "flows/flight/pages/passengersaffectedbyflight-start-page",
                "text!flows/flight/pages/passengersaffectedbyflight-start-page.json",
                "flows/fullname/fullname-flow",
                "text!flows/fullname/fullname-flow.json",
                "text!flows/fullname/pages/byfullname-start-page.html",
                "flows/fullname/pages/byfullname-start-page",
                "text!flows/fullname/pages/byfullname-start-page.json",
                "text!flows/fullname/pages/fullname-get-get-last-bag-location-detail-page.html",
                "flows/fullname/pages/fullname-get-get-last-bag-location-detail-page",
                "text!flows/fullname/pages/fullname-get-get-last-bag-location-detail-page.json",
                "text!pages/app-page.html",
                "pages/app-page",
                "text!pages/app-page.json",
                "pages/resources/strings/app/nls/app-strings",
                "pages/resources/strings/app/nls/root/app-strings",
                "text!private/custom/versions.json",
                "css!resources/css/app",
                "css!resources/css/custom",
                "resources/strings/app/nls/app-strings",
                "resources/strings/app/nls/root/app-strings",
                "text!services/apiBagaggeDemo/openapi3.json",
                "text!services/catalog.json",
                "text!settings/appShellCache.json",
                "text!settings/build-configurations.json",
                "text!settings/dependencies.json",
                "text!settings/mobile-build-templates/template-applications.json",
                "text!settings/mobile-build.json"
            ]
        }
    }
}