{
    "resources": [
        "index.html",
        "manifest.json",
        "version_1295207383911642896/app-flow.js",
        "version_1295207383911642896/app-flow.json",
        "version_1295207383911642896/appShellCache.json",
        "version_1295207383911642896/bundles/vb-app-bundle.js",
        "version_1295207383911642896/bundles/vb-app-bundle.js.map",
        "version_1295207383911642896/flows/main/main-flow.js",
        "version_1295207383911642896/flows/main/main-flow.json",
        "version_1295207383911642896/flows/main/pages/main-home-page.html",
        "version_1295207383911642896/flows/main/pages/main-home-page.js",
        "version_1295207383911642896/flows/main/pages/main-home-page.json",
        "version_1295207383911642896/flows/main/pages/main-start-page.html",
        "version_1295207383911642896/flows/main/pages/main-start-page.js",
        "version_1295207383911642896/flows/main/pages/main-start-page.json",
        "version_1295207383911642896/flows/main/resources/images/background_header.png",
        "version_1295207383911642896/flows/main/resources/images/menu-icon.png",
        "version_1295207383911642896/pages/app-page.html",
        "version_1295207383911642896/pages/app-page.js",
        "version_1295207383911642896/pages/app-page.json",
        "version_1295207383911642896/pages/resources/strings/app/nls/app-strings.js",
        "version_1295207383911642896/pages/resources/strings/app/nls/root/app-strings.js",
        "version_1295207383911642896/private/custom/versions.json",
        "version_1295207383911642896/resources/css/app.css",
        "version_1295207383911642896/resources/css/custom.css",
        "version_1295207383911642896/resources/icons/icon-120x120.png",
        "version_1295207383911642896/resources/icons/icon-128x128.png",
        "version_1295207383911642896/resources/icons/icon-144x144.png",
        "version_1295207383911642896/resources/icons/icon-152x152.png",
        "version_1295207383911642896/resources/icons/icon-167x167.png",
        "version_1295207383911642896/resources/icons/icon-180x180.png",
        "version_1295207383911642896/resources/icons/icon-192x192.png",
        "version_1295207383911642896/resources/icons/icon-256x256.png",
        "version_1295207383911642896/resources/icons/icon-512x512.png",
        "version_1295207383911642896/resources/images/BlueLogo.png",
        "version_1295207383911642896/resources/images/CaptureMark.PNG",
        "version_1295207383911642896/resources/images/CaptureProgess.PNG",
        "version_1295207383911642896/resources/images/Green-circle-large.png",
        "version_1295207383911642896/resources/images/Green-circle-small.png",
        "version_1295207383911642896/resources/images/Logo.png",
        "version_1295207383911642896/resources/images/PhotoAcc.PNG",
        "version_1295207383911642896/resources/images/background_header.png",
        "version_1295207383911642896/resources/images/favicon-dark.ico",
        "version_1295207383911642896/resources/images/favicon-light.ico",
        "version_1295207383911642896/resources/images/progress-bar.png",
        "version_1295207383911642896/resources/splashscreens/ipad_splash.png",
        "version_1295207383911642896/resources/splashscreens/ipadpro1_splash.png",
        "version_1295207383911642896/resources/splashscreens/ipadpro2_splash.png",
        "version_1295207383911642896/resources/splashscreens/iphone_splash.png",
        "version_1295207383911642896/resources/splashscreens/iphoneplus_splash.png",
        "version_1295207383911642896/resources/splashscreens/iphonex_splash.png",
        "version_1295207383911642896/resources/splashscreens/iphonexr_splash.png",
        "version_1295207383911642896/resources/splashscreens/iphonexsmax_splash.png",
        "version_1295207383911642896/resources/strings/app/nls/app-strings.js",
        "version_1295207383911642896/resources/strings/app/nls/root/app-strings.js",
        "version_1295207383911642896/services/apiBagaggeDemo/openapi3.json",
        "version_1295207383911642896/services/catalog.json",
        "version_1295207383911642896/settings/appShellCache.json",
        "version_1295207383911642896/settings/build-configurations.json",
        "version_1295207383911642896/settings/dependencies.json",
        "version_1295207383911642896/settings/mobile-build-templates/template-applications.json",
        "version_1295207383911642896/settings/mobile-build.json",
        "build-info.json"
    ],
    "extendableResources": [],
    "bundles": {
        "bundles/vb-app-bundle": [
            "app-flow",
            "text!app-flow.json",
            "text!appShellCache.json",
            "flows/main/main-flow",
            "text!flows/main/main-flow.json",
            "text!flows/main/pages/main-home-page.html",
            "flows/main/pages/main-home-page",
            "text!flows/main/pages/main-home-page.json",
            "text!flows/main/pages/main-start-page.html",
            "flows/main/pages/main-start-page",
            "text!flows/main/pages/main-start-page.json",
            "text!pages/app-page.html",
            "pages/app-page",
            "text!pages/app-page.json",
            "pages/resources/strings/app/nls/app-strings",
            "pages/resources/strings/app/nls/root/app-strings",
            "text!private/custom/versions.json",
            "css!resources/css/app",
            "css!resources/css/custom",
            "resources/strings/app/nls/app-strings",
            "resources/strings/app/nls/root/app-strings",
            "text!services/apiBagaggeDemo/openapi3.json",
            "text!services/catalog.json",
            "text!settings/appShellCache.json",
            "text!settings/build-configurations.json",
            "text!settings/dependencies.json",
            "text!settings/mobile-build-templates/template-applications.json",
            "text!settings/mobile-build.json"
        ]
    },
    "versionHash": "version_1295207383911642896",
    "version-info": {
        "jet": {
            "url": "https://static.oracle.com/cdn/jet/",
            "version": "8.1.3"
        },
        "vb": {
            "url": "https://static.oracle.com/cdn/vb/",
            "version": "19.4.3.16"
        }
    },
    "applicationType": "mobile"
}