{
    "resources": [
        "index.html",
        "version_1295207383911642896/app-flow.js",
        "version_1295207383911642896/app-flow.json",
        "version_1295207383911642896/bundles/vb-app-bundle.js",
        "version_1295207383911642896/bundles/vb-app-bundle.js.map",
        "version_1295207383911642896/flows/main/main-flow.js",
        "version_1295207383911642896/flows/main/main-flow.json",
        "version_1295207383911642896/flows/main/pages/main-get-get-last-bag-location-detail-page.html",
        "version_1295207383911642896/flows/main/pages/main-get-get-last-bag-location-detail-page.js",
        "version_1295207383911642896/flows/main/pages/main-get-get-last-bag-location-detail-page.json",
        "version_1295207383911642896/flows/main/pages/main-start-page.html",
        "version_1295207383911642896/flows/main/pages/main-start-page.js",
        "version_1295207383911642896/flows/main/pages/main-start-page.json",
        "version_1295207383911642896/pages/resources/strings/shell/nls/root/shell-strings.js",
        "version_1295207383911642896/pages/resources/strings/shell/nls/shell-strings.js",
        "version_1295207383911642896/pages/shell-page.html",
        "version_1295207383911642896/pages/shell-page.js",
        "version_1295207383911642896/pages/shell-page.json",
        "version_1295207383911642896/private/custom/versions.json",
        "version_1295207383911642896/resources/css/app.css",
        "version_1295207383911642896/resources/images/CaptureMark.PNG",
        "version_1295207383911642896/resources/images/CaptureProgess.PNG",
        "version_1295207383911642896/resources/images/Green-circle-large.png",
        "version_1295207383911642896/resources/images/Logo.png",
        "version_1295207383911642896/resources/images/background_header.PNG",
        "version_1295207383911642896/resources/images/favicon-dark.ico",
        "version_1295207383911642896/resources/images/favicon-light.ico",
        "version_1295207383911642896/resources/images/progress-bar.png",
        "version_1295207383911642896/resources/images/sign-in icon.png",
        "version_1295207383911642896/resources/scripts/web-sdk.js",
        "version_1295207383911642896/resources/strings/app/nls/app-strings.js",
        "version_1295207383911642896/resources/strings/app/nls/root/app-strings.js",
        "version_1295207383911642896/services/apiBagaggeDemo/openapi3.json",
        "version_1295207383911642896/services/catalog.json",
        "version_1295207383911642896/settings/dependencies.json",
        "build-info.json"
    ],
    "extendableResources": [],
    "bundles": {
        "bundles/vb-app-bundle": [
            "app-flow",
            "text!app-flow.json",
            "flows/main/main-flow",
            "text!flows/main/main-flow.json",
            "text!flows/main/pages/main-get-get-last-bag-location-detail-page.html",
            "flows/main/pages/main-get-get-last-bag-location-detail-page",
            "text!flows/main/pages/main-get-get-last-bag-location-detail-page.json",
            "text!flows/main/pages/main-start-page.html",
            "flows/main/pages/main-start-page",
            "text!flows/main/pages/main-start-page.json",
            "pages/resources/strings/shell/nls/root/shell-strings",
            "pages/resources/strings/shell/nls/shell-strings",
            "text!pages/shell-page.html",
            "pages/shell-page",
            "text!pages/shell-page.json",
            "text!private/custom/versions.json",
            "css!resources/css/app",
            "resources/scripts/web-sdk",
            "resources/strings/app/nls/app-strings",
            "resources/strings/app/nls/root/app-strings",
            "text!services/apiBagaggeDemo/openapi3.json",
            "text!services/catalog.json",
            "text!settings/dependencies.json"
        ]
    },
    "versionHash": "version_1295207383911642896",
    "version-info": {
        "jet": {
            "url": "https://static.oracle.com/cdn/jet/",
            "version": "8.1.3"
        },
        "vb": {
            "url": "https://static.oracle.com/cdn/vb/",
            "version": "19.4.3.16"
        }
    },
    "applicationType": "web"
}